id,price
1,53568.82
2,55497.15
3,23102.34
4,3380.99
5,5728.02
6,6427.3
7,4591.16
8,13824.98
9,4821.92
10,19885.67
11,5898.37
12,5145.86
13,4375.4
14,54992.49
15,40495.68
16,55591.98
17,54106.74
18,6230.07
19,64538.01
20,7195.766
21,5981.91
22,60343.75
23,45216.48
24,5823.37
25,6016.24
26,4528.76
27,6034.08
28,4928.97
29,4309.14
30,6243.19
31,6546.7
32,65208.1
33,60198.25
34,53248.02
35,9384.68
36,5683.76
37,6028.81
38,49494.22
39,5646.2
40,2163.6
41,9998.48
42,79023.46
43,5604.36
44,3601.44
45,12337.06
46,3189.51
47,5853.4
48,12656.0
49,66430.62
50,6308.46
51,5545.04
52,3402.11
53,6436.33
54,4443.9
55,7515.63
56,2692.05
57,3937.7
58,55540.05
59,3132.84
60,62885.655999999995
61,10758.52
62,52821.18
63,6745.98
64,11019.93
65,56485.28
66,57227.72
67,45268.18
68,14448.15
69,48825.77
70,45170.53
71,7561.11
72,6249.0
73,9855.04
74,7250.83
75,12399.44
76,6480.66
77,5720.7
78,3341.77
79,62661.49
80,12411.94
81,4992.36
82,6483.3
83,7978.29
84,5909.92
85,35134.23
86,60846.02
87,5011.69
88,12389.74
89,60066.26
90,4450.1
91,4497.39
92,62837.43
93,55420.03
94,81520.16
95,53296.05
96,12576.07
97,5298.09
98,21352.39
99,6323.49
100,68224.38
101,5087.32
102,8359.97
103,6834.67
104,2819.01
105,6564.63
106,8714.5
107,52349.9
108,55065.26
109,51938.88
110,2518.0
111,50396.72
112,52491.95
113,8838.25
114,2802.02
115,3486.29
116,3399.18
117,5497.95
118,3382.63
119,6020.27
120,15037.44
121,50427.96
122,13821.84
123,5873.76
124,46266.8
125,5634.48
126,5690.54
127,6429.7
128,13406.42
129,66673.05
130,5663.89
131,6271.27
132,61000.42
133,6250.12
134,6149.72
135,4858.85
136,42794.63
137,5052.49
138,8224.83
139,4061.46
140,4822.86
141,3635.36
142,51513.93
143,7982.48
144,1712.9
145,53710.37
146,2619.66
147,6222.79
148,14396.16
149,6071.33
150,4823.9
151,7898.96
152,64217.47
153,7238.15
154,7670.32
155,61703.11
156,6354.86
157,7322.16
158,5383.27
159,6753.84
160,4526.35
161,52698.9
162,6545.76
163,68334.17
164,7832.58
165,59276.94
166,34431.27
167,59769.59
168,4761.06
169,11487.97
170,51344.86
171,1939.3
172,8059.14
173,52317.22
174,55993.87
175,5343.82
176,68981.04
177,4356.48
178,4255.53
179,5182.83
180,61923.54
181,28154.43
182,7457.88
183,10975.76
184,6373.48
185,24331.4
186,6949.27
187,9269.9
188,53109.94
189,16657.895
190,4398.85
191,50200.49
192,3300.46
193,51875.44
194,5942.26
195,4543.65
196,6427.27
197,2571.61
198,16609.05
199,13646.86
200,58499.17
201,69865.04
202,12135.76
203,4302.48
204,7458.13
205,59376.9
206,60100.87
207,4194.32
208,45277.05
209,45275.39
210,8932.94
211,56318.05
212,40973.06
213,5032.89
214,5476.27
215,6476.77
216,49691.19
217,5337.53
218,31438.76
219,8786.31
220,3384.71
221,3749.28
222,4211.14
223,22152.0
224,53417.55
225,53322.7
226,12547.28
227,7329.89
228,9842.15
229,4968.17
230,62343.33
231,4664.99
232,6949.62
233,13933.07
234,10085.75
235,3954.75
236,6473.59
237,2912.8
238,3976.08
239,2370.69
240,9174.3
241,63443.3
242,51449.27
243,3836.88
244,59704.81
245,8592.58
246,49817.62
247,54957.64
248,4504.09
249,5153.75
250,64517.05
251,9676.64
252,5550.05
253,52821.42
254,10127.42
255,6386.76
256,68497.66
257,4758.79
258,3589.26
259,4390.65
260,54956.64
261,3791.67
262,6262.65
263,52951.57
264,4371.95
265,7843.24
266,2723.23
267,41328.32
268,46796.6
269,43762.56
270,8146.69
271,6492.72
272,7718.32
273,54066.12
274,31844.9
275,2452.94
276,9740.82
277,26632.82
278,7175.16
279,32932.92
280,6005.7
281,41034.49
282,5361.31
283,6098.37
284,6515.62
285,49803.29
286,6236.44
287,40831.42
288,5722.34
289,61769.47
290,1787.72
291,1978.72
292,6545.21
293,7674.62
294,5739.06
295,4934.56
296,4688.15
297,45105.9
298,14203.1
299,10204.66
300,5491.29
301,61194.17
302,2826.37
303,7120.21
304,11922.56
305,52434.96
306,6179.57
307,53370.56
308,5291.44
309,55307.7
310,12857.37
311,5738.45
312,54135.19
313,4545.14
314,2451.23
315,3959.35
316,37436.9
317,4025.15
318,6061.49
319,8833.496666666666
320,4357.27
321,4544.87
322,60630.39
323,5598.1
324,3907.46
325,6640.0
326,13323.09
327,6468.37
328,4806.01
329,6246.24
330,4627.46
331,12553.47
332,7788.11
333,65326.94
334,5158.25
335,7760.32
336,11645.08
337,4638.15
338,22209.64
339,13388.1
340,50195.53
341,48952.76
342,51548.7
343,4027.46
344,5867.46
345,15066.09
346,62572.63
347,3395.66
348,3488.7
349,5968.08
350,11411.35
351,4635.85
352,5965.0
353,4405.58
354,4739.91
355,4571.24
356,70998.01
357,46983.53
358,4774.03
359,4521.45
360,49135.07
361,57285.0
362,6947.72
363,51812.49
364,2474.58
365,64433.12
366,29401.23
367,4072.5
368,3840.13
369,6280.94
370,6700.26
371,5636.94
372,4086.1
373,5960.43
374,6010.65
375,11841.24
376,50301.02
377,5618.89
378,60224.42
379,5848.95
380,2128.24
381,64082.95
382,6608.34
383,7141.88
384,5195.76
385,7320.81
386,65707.08
387,62982.06
388,5035.39
389,50869.6
390,57284.86
391,54961.57
392,82466.61
393,6068.85
394,55144.89
395,69669.76
396,55852.82
397,53400.1
398,4906.44
399,5874.04
400,3571.79
401,7990.39
402,6567.63
403,7407.8
404,57920.37
405,49381.93
406,5319.87
407,5656.19
408,69194.07
409,7407.74
410,5904.16
411,6345.09
412,51528.27
413,8055.07
414,6153.03
415,5750.26
416,3466.99
417,28368.32
418,6057.51
419,53218.74
420,11368.24
421,4416.39
422,5001.95
423,4004.23
424,57831.71
425,15689.28
426,4244.89
427,3466.14
428,12353.55
429,2150.0
430,6208.11
431,49871.8
432,6342.06
433,6657.78
434,64982.78
435,2201.82
436,6393.96
437,12379.08
438,12265.59
439,6104.9
440,60270.56
441,10412.083333333332
442,59665.55
443,4664.99
444,3877.65
445,4555.38
446,49619.68
447,58883.12
448,8613.1
449,3869.1
450,47361.99
451,49125.97
452,46541.73
453,4931.55
454,5847.08
455,5389.88
456,2729.6
457,49656.78
458,41218.87
459,11095.0
460,6275.11
461,5071.76
462,5949.0
463,4493.28
464,6760.68
465,1661.13
466,2150.0
467,5818.52
468,5537.9
469,5037.64
470,10822.13
471,10814.48
472,8737.58
473,5024.0
474,6066.63
475,4923.78
476,10751.15
477,11983.636
478,4433.46
479,13168.18
480,33892.15
481,5676.86
482,5293.43
483,2901.79
484,3424.53
485,10868.28
486,6017.41
487,62938.73
488,4748.79
489,51870.58
490,6865.61
491,51669.36
492,4892.31
493,57037.7
494,60293.32
495,5976.67
496,33707.75
497,5590.32
498,4931.62
499,59535.04
500,52815.72
501,4499.99
502,4925.09
503,60940.99
504,45023.02
505,47739.18
506,8374.76
507,5562.37
508,33069.87
509,2927.61
510,55086.4
511,6301.14
512,5916.13
513,37644.82
514,7299.87
515,64284.42
516,68816.18400000001
517,3427.58
518,47314.49
519,4528.35
520,5553.64
521,69809.28
522,54462.17
523,4321.84
524,4770.88
525,7940.11
526,7963.57
527,7079.14
528,2890.88
529,6111.13
530,15977.39
531,49765.47
532,4042.82
533,55484.46
534,11063.795
535,11007.09
536,57241.96
537,56077.28
538,5231.06
539,5097.26
540,3581.66
541,4913.57
542,3009.47
543,9547.94
544,54846.89
545,74403.39
546,51526.19
547,3856.68
548,11940.63
549,60034.13
550,4733.33
551,55048.1
552,5302.37
553,5787.27
554,4816.05
555,5146.43
556,6553.61
557,57938.97
558,51196.36
559,5504.35
560,42162.72
561,44041.08
562,2810.05
563,5776.74
564,4056.03
565,4899.19
566,51830.23
567,13421.26
568,9233.93
569,7956.49
570,6534.58
571,5096.61
572,16295.33
573,14229.82
574,4102.6
575,47346.15
576,5302.92
577,52196.23
578,4153.48
579,49058.66
580,64384.8
581,37441.17
582,4391.45
583,2387.65
584,2201.82
585,6345.17
586,57881.01
587,12978.01
588,71027.8
589,4303.92
590,3352.95
591,7587.46
592,62709.6
593,74566.13
594,5490.87
595,19100.83
596,68674.32
597,5299.06
598,4389.01
599,11817.49
600,41483.39
601,6201.08
602,5233.62
603,3900.6
604,7582.21
605,53942.19
606,6120.35
607,66772.55
608,36772.35
609,3805.93
610,6940.39
611,52418.4
612,4546.98
613,67458.44
614,9113.87
615,6653.15
616,6638.87
617,4345.41
618,17067.04
619,61103.31
620,51534.79
621,66200.43
622,5626.06
623,6160.75
624,11541.27
625,4408.04
626,4959.84
627,45304.17
628,51452.65
629,5545.27
630,54342.16
631,5112.4
632,69494.1
633,4977.52
634,5210.44
635,4334.79
636,4009.84
637,7717.57
638,57410.41
639,3462.82
640,59192.75
641,39561.78
642,9200.84
643,4308.62
644,3367.71
645,4079.06
646,59421.42
647,69868.04
648,2827.05
649,11152.19
650,8996.4325
651,50669.52
652,4048.03
653,63427.08
654,57531.4
655,6288.93
656,6725.71
657,2788.88
658,9504.84
659,58614.9
660,5989.02
661,5837.54
662,5065.14
663,3116.77
664,13263.57
665,5891.83
666,5658.6
667,11754.2
668,4407.58
669,4634.37
670,4643.99
671,55635.67
672,11416.2
673,5639.67
674,27976.0
675,60026.57
676,60413.4
677,35872.34
678,4636.72
679,14977.34
680,9549.12
681,5249.62
682,5275.93
683,7442.48
684,7709.11
685,6184.21
686,7722.96
687,13867.7
688,5225.75
689,5160.87
690,9167.33
691,3991.3
692,52437.83
693,7763.56
694,6641.69
695,6502.83
696,6231.22
697,6287.86
698,2879.34
699,10962.47
700,5174.91
701,63309.86
702,2558.4
703,3747.83
704,7069.51
705,51520.19
706,4162.88
707,50328.77
708,3631.02
709,3158.2
710,50271.21
711,12095.476666666666
712,54297.62
713,37009.87
714,4865.88
715,54474.8
716,7611.64
717,7420.94
718,10977.56
719,24855.91
720,6496.66
721,61442.51
722,54799.98
723,54552.82
724,9965.46
725,50838.21
726,56598.76
727,8105.24
728,3443.94
729,6501.42
730,74470.23
731,28112.64
732,5119.71
733,5724.39
734,3807.47
735,56969.87
736,6611.19
737,3864.75
738,4142.74
739,60071.27
740,51050.81
741,55868.64
742,58841.42
743,4339.41
744,68025.4
745,11064.16
746,6620.01
747,63705.2
748,8171.19
749,55916.71
750,51978.02
751,6421.06
752,5108.88
753,5957.8
754,4284.86
755,4910.83
756,58394.61
757,45840.25
758,5839.02
759,54080.12
760,3736.8
761,6371.0
762,4885.81
763,7819.63
764,8546.02
765,55159.15
766,4860.25
767,68567.21
768,6967.03
769,5302.23
770,6106.58
771,4413.86
772,52448.07
773,73683.28
774,6054.04
775,4991.78
776,47396.44
777,55519.94
778,5451.58
779,4418.23
780,2473.45
781,4743.67
782,45313.82
783,5718.74
784,23115.78
785,6149.76
786,7254.57
787,13698.16
788,4767.94
789,71072.3
790,17342.51
791,43969.44
792,35545.88
793,11203.83
794,31910.28
795,23806.0
796,63752.89
797,5246.2
798,7653.02
799,9881.595
800,1717.17
801,14927.6
802,6393.38
803,6551.41
804,51030.87
805,5708.91
806,24898.91
807,77515.73
808,14478.1
809,44875.68
810,10705.0
811,44398.46
812,6174.48
813,4994.12
814,57401.21
815,6886.55
816,8719.09
817,6447.39
818,5091.49
819,5003.73
820,53984.74
821,48662.62
822,6182.79
823,23986.08
824,50300.85
825,53114.64
826,6549.02
827,54795.97
828,2827.05
829,45292.16
830,6652.36
831,9806.76
832,4201.29
833,58627.19
834,64114.31
835,5769.68
836,4444.87
837,46006.67
838,14548.89
839,5637.13
840,11831.93
841,60673.67
842,47923.22
843,2371.77
844,23923.48
845,6207.58
846,65602.37
847,44437.0
848,8850.92
849,5623.75
850,14397.84
851,4280.56
852,7651.95
853,5169.01
854,53585.9
855,17040.15
856,5698.73
857,54684.0
858,5239.99
859,6164.43
860,7858.33
861,4778.46
862,2807.38
863,48876.48
864,5584.52
865,2440.52
866,12699.38
867,53110.2
868,2130.22
869,3963.72
870,71126.56
871,4874.13
872,14936.27
873,45292.16
874,7894.79
875,67790.4
876,5851.19
877,3388.56
878,50259.48
879,5507.62
880,64045.38
881,5308.94
882,4407.05
883,8411.97
884,4303.72
885,6590.16
886,6259.56
887,4402.89
888,50586.16
889,40120.08
890,2198.76
891,4930.76
892,2205.32
893,3166.83
894,58736.3
895,8870.74
896,62855.23
897,5000.1
898,58194.4
899,6214.26
900,5502.27
901,61988.12
902,44515.36
903,9908.76
904,4938.36
905,5154.4
906,7034.81
907,61700.19
908,64212.22
909,5527.84
910,6401.39
911,5603.36
912,4304.57
913,66635.2
914,4207.96
915,5730.03
916,49884.4
917,6078.01
918,32579.55
919,3472.31
920,11660.84
921,59240.18
922,12452.68
923,55935.55
924,4540.21
925,54407.01
926,4771.46
927,70269.22
928,5740.07
929,31438.76
930,13316.16
931,10479.76
932,3121.46
933,49946.49
934,5180.99
935,4725.73
936,4224.966666666667
937,5665.14
938,45885.5
939,15353.46
940,5785.27
941,4721.08
942,65549.13
943,5951.8
944,4702.42
945,2431.07
946,8779.39
947,51695.16
948,2153.39
949,70341.29
950,47715.02
951,44444.1
952,51531.4
953,2403.74
954,13386.18
955,4647.4
956,50494.67
957,6367.41
958,8286.46
959,3221.59
960,63004.34
961,56974.15
962,6020.72
963,11725.62
964,4956.26
965,5467.69
966,6008.41
967,66712.68
968,11080.71
969,4486.15
970,4261.15
971,6910.77
972,59306.6
973,4140.22
974,48152.55
975,60755.2
976,57990.54
977,4495.08
978,72032.15
979,5690.04
980,6784.99
981,10790.9
982,57057.77
983,5953.0
984,5416.07
985,5368.18
986,6481.42
987,11467.89
988,5752.56
989,3591.76
990,6725.21
991,61917.83
992,58573.23
993,7199.29
994,54608.0
995,13025.64
996,4171.18
997,5245.72
998,6514.6
999,6389.45
1000,4806.92
1001,3572.43
1002,10131.68
1003,59267.85
1004,5139.88
1005,12583.0
1006,12971.6
1007,4433.86
1008,3602.45
1009,19665.85
1010,2549.04
1011,40702.24
1012,49610.74
1013,4701.27
1014,55572.74
1015,66104.65
1016,43435.81
1017,42592.52
1018,10630.41
1019,8648.75
1020,3035.3
1021,12697.27
1022,4565.94
1023,3434.99
1024,48597.02
1025,14508.42
1026,57406.75
1027,4286.44
1028,52878.83
1029,6631.06
1030,54468.19
1031,6401.93
1032,3508.25
1033,40339.41
1034,7611.54
1035,5462.83
1036,25762.65
1037,4985.22
1038,45096.63
1039,4403.09
1040,3146.28
1041,58759.92
1042,36052.11
1043,9916.39
1044,5970.97
1045,5629.6
1046,61556.55
1047,41860.64
1048,4453.18
1049,6035.99
1050,2141.46
1051,3097.0
1052,5457.13
1053,5904.89
1054,54531.04
1055,2895.6
1056,6526.82
1057,9436.73
1058,6809.67
1059,6838.63
1060,3267.87
1061,61738.23
1062,50467.23
1063,4371.9
1064,7706.01
1065,10689.88
1066,5368.09
1067,17297.2
1068,20498.75
1069,44708.6
1070,1813.94
1071,4951.4
1072,44697.86
1073,59247.47
1074,16192.07
1075,12740.19
1076,4757.48
1077,5593.92
1078,4969.32
1079,21644.64
1080,4160.73
1081,48752.33
1082,4071.17
1083,6018.04
1084,12545.58
1085,4745.42
1086,6446.83
1087,10736.72
1088,6803.36
1089,16448.01
1090,6016.97
1091,6404.79
1092,12156.76
1093,5558.41
1094,5309.49
1095,9878.74
1096,50795.4
1097,65914.04
1098,4853.56
1099,4610.56
1100,48705.85
1101,4203.34
1102,12857.89
1103,4186.94
1104,61093.29
1105,2848.49
1106,7770.16
1107,5361.53
1108,7762.98
1109,57568.33
1110,2504.36
1111,12404.49
1112,51498.57
1113,5997.41
1114,59424.97
1115,12591.27
1116,4204.48
1117,60578.53
1118,46388.06
1119,5969.66
1120,3888.04
1121,4284.72
1122,2131.31
1123,5530.68
1124,5180.36
1125,53493.13
1126,6659.91
1127,5174.9
1128,48474.25
1129,5549.39
1130,6326.51
1131,6694.97
1132,7018.95
1133,68743.09
1134,5799.78
1135,5442.17
1136,5077.34
1137,7391.17
1138,27826.58
1139,5708.44
1140,3580.92
1141,4653.73
1142,6029.51
1143,2337.46
1144,6547.58
1145,48511.25
1146,62267.72
1147,12995.73
1148,41193.13
1149,7494.56
1150,2929.0
1151,4780.24
1152,12653.61
1153,4161.29
1154,7296.87
1155,14788.94
1156,6693.77
1157,5091.57
1158,44744.85
1159,5895.34
1160,3039.57
1161,6038.84
1162,7374.33
1163,6039.17
1164,77493.16
1165,6179.9545
1166,46597.53
1167,7603.65
1168,5233.04
1169,13168.24
1170,4237.87
1171,6763.24
1172,53027.4
1173,2547.14
1174,6280.45
1175,3297.51
1176,4311.32
1177,2119.34
1178,4870.59
1179,14578.72
1180,4265.48
1181,5107.45
1182,7115.24
1183,50715.82
1184,57557.35
1185,18404.52
1186,6572.04
1187,53723.72
1188,3094.3
1189,5745.74
1190,15130.89
1191,68463.72
1192,58072.52
1193,17298.705
1194,5539.28
1195,3384.85
1196,11972.44
1197,60543.8
1198,14644.89
1199,5765.83
1200,6027.8
1201,12020.5
1202,22368.52
1203,6328.05
1204,51821.62
1205,6435.23
1206,15206.44
1207,4526.77
1208,5367.34
1209,8208.85
1210,5468.92
1211,59456.35
1212,56054.41
1213,3846.54
1214,4928.01
1215,5422.326
1216,17487.28
1217,3732.64
1218,3274.0
1219,60702.49
1220,30803.26
1221,64014.14
1222,3916.01
1223,4020.87
1224,45693.19
1225,55995.85
1226,4814.49
1227,5548.53
1228,4444.05
1229,12622.8
1230,49265.99
1231,4599.66
1232,4657.71
1233,5498.46
1234,6052.51
1235,59790.44
1236,5720.98
1237,62522.94
1238,5020.27
1239,8831.85
1240,11525.52
1241,51695.48
1242,6102.42
1243,55948.37
1244,6239.8
1245,6234.65
1246,6020.76
1247,5351.46
1248,5268.36
1249,6514.52
1250,6781.01
1251,5011.1
1252,53770.95
1253,52428.66
1254,2395.39
1255,3957.2
1256,54382.98
1257,5558.34
1258,4718.86
1259,5993.49
1260,11563.93
1261,4008.0
1262,9914.23
1263,12361.37
1264,45695.42
1265,4379.88
1266,35701.86
1267,5092.83
1268,7376.46
1269,8094.26
1270,63034.06
1271,7151.16
1272,4829.2
1273,17762.919333333335
1274,11486.35
1275,6745.95
1276,4700.41
1277,74552.74
1278,11079.33
1279,12109.62
1280,63657.12
1281,23890.12
1282,58474.43
1283,4619.85
1284,5880.32
1285,4476.47
1286,49465.07
1287,7148.08
1288,77724.06
1289,5285.96
1290,10060.23
1291,6227.99
1292,49723.88
1293,12205.25
1294,11667.66
1295,6974.73
1296,49420.29
1297,5118.54
1298,11176.97
1299,12559.67
1300,6386.17
1301,8486.95
1302,52210.94
1303,2347.11
1304,4329.11
1305,6146.76
1306,4479.81
1307,4733.03
1308,7877.63
1309,52628.55
1310,77349.3
1311,6316.99
1312,13961.81
1313,48897.38
1314,44758.84
1315,10951.47
1316,13349.58
1317,5599.9
1318,5914.64
1319,3008.44
1320,24120.24
1321,6075.17
1322,8387.08
1323,2126.15
1324,6292.8
1325,52924.26
1326,3368.79
1327,6070.0
1328,67106.38
1329,5244.92
1330,7153.27
1331,6680.33
1332,13760.95
1333,2178.08
1334,12696.22
1335,8528.53
1336,6229.88
1337,34658.24
1338,6515.19
1339,5470.19
1340,7707.03
1341,9998.69
1342,2343.03
1343,2471.62
1344,8329.8
1345,2103.25
1346,67415.65
1347,5013.82
1348,51115.87
1349,5856.59
1350,6315.69
1351,12212.52
1352,10407.88
1353,10081.04
1354,6594.79
1355,8734.96
1356,46699.97
1357,28154.43
1358,11920.5
1359,8680.34
1360,12552.93
1361,4610.81
1362,43657.16
1363,7703.315
1364,9208.86
1365,45752.25
1366,65355.45
1367,10840.61
1368,7605.86
1369,53883.4
1370,50129.32
1371,5480.56
1372,22616.84
1373,6429.49
1374,48425.89
1375,5373.17
1376,10270.91
1377,5195.51
1378,4422.73
1379,4728.1
1380,54701.92
1381,4657.45
1382,70257.77
1383,50562.63
1384,42160.94
1385,5873.46
1386,4799.81
1387,2914.38
1388,5063.72
1389,56704.87
1390,5004.77
1391,49561.49
1392,2179.17
1393,58237.43
1394,51377.77
1395,3308.5
1396,4995.98
1397,6474.59
1398,54125.8
1399,37700.15
1400,65176.96
1401,13476.26
1402,62274.91
1403,6562.29
1404,2610.04
1405,34704.77
1406,8894.57
1407,74660.58
1408,11548.18
1409,4377.87
1410,46039.79
1411,7905.45
1412,6573.5
1413,68944.2
1414,12753.52
1415,55753.09
1416,5953.06
1417,6130.31
1418,2150.0
1419,5117.54
1420,5096.0
1421,52296.33
1422,4366.59
1423,52766.62
1424,5947.72
1425,49514.88
1426,4455.12
1427,7389.13
1428,49739.87
1429,2347.15
1430,4198.8
1431,42760.18
1432,53574.6
1433,3229.48
1434,2100.55
1435,3093.56
1436,74187.85533333333
1437,5457.33
1438,30933.81
1439,55627.21
1440,48360.29
1441,7674.22
1442,59943.465
1443,53290.03
1444,7690.36
1445,56557.93
1446,50998.63
1447,9829.78
1448,43430.3
1449,2617.53
1450,69172.65
1451,3890.11
1452,40059.31
1453,5395.18
1454,6675.16
1455,4481.0
1456,47869.29
1457,58745.45
1458,6216.13
1459,3092.37
1460,3358.58
1461,14056.83
1462,6003.76
1463,50772.03
1464,2955.96
1465,3086.32
1466,2484.17
1467,46555.3
1468,48046.25
1469,53231.99
1470,4173.71
1471,13846.16
1472,15204.38
1473,3997.18
1474,52680.59
1475,3310.5
1476,13251.9125
1477,42253.91
1478,5575.35
1479,7536.485
1480,12960.18
1481,42294.03
1482,40820.44
1483,4058.95
1484,4801.77
1485,7003.82
1486,11959.08
1487,7026.27
1488,44794.51
1489,6810.34
1490,8591.55
1491,8034.135
1492,45426.01
1493,50264.68
1494,10395.95
1495,47842.37
1496,59683.52
1497,2715.71
1498,7258.62
1499,4741.25
1500,6142.33
1501,7242.67
1502,11371.78
1503,4406.22
1504,11946.2
1505,5080.99
1506,64014.14
1507,3675.94
1508,67459.46
1509,47796.55
1510,60628.7
1511,6379.49
1512,55503.09
1513,52187.1
1514,5309.58
1515,48179.44
1516,44718.64
1517,4797.96
1518,5447.25
1519,70306.99
1520,5562.75
1521,4525.54
1522,3141.87
1523,5663.41
1524,56293.17
1525,9648.46
1526,12435.27
1527,14298.71
1528,45419.39
1529,6060.41
1530,7643.32
1531,48990.41
1532,5665.85
1533,41060.22
1534,8154.19
1535,8413.76
1536,51961.71
1537,11899.43
1538,13575.44
1539,4465.39
1540,5541.37
1541,5692.34
1542,55907.97
1543,8335.84
1544,43104.42
1545,27905.18
1546,54701.92
1547,24635.95
1548,11079.87
1549,5924.38
1550,48115.41
1551,6043.14
1552,9656.33
1553,69085.1
1554,8398.86
1555,4721.3
1556,5010.35
1557,6890.9
1558,33764.89
1559,12521.41
1560,81396.07
1561,7788.74
1562,6242.77
1563,60162.84
1564,67510.44
1565,7714.22
1566,7262.7
1567,6024.6
1568,8151.19
1569,54850.05
1570,3056.44
1571,8464.64
1572,4307.39
1573,3435.01
1574,20967.19
1575,51554.87
1576,15392.58
1577,7958.16
1578,56493.49
1579,5229.1
1580,6441.99
1581,50898.89
1582,2940.18
1583,68246.98
1584,4460.58
1585,5302.977833333333
1586,12897.14
1587,4203.26
1588,5247.47
1589,45090.72
1590,79380.16
1591,51169.17
1592,5401.24
1593,7913.31
1594,1854.32
1595,8144.414000000001
1596,3071.53
1597,5746.04
1598,22187.84
1599,5375.69
1600,51576.37
1601,11855.75
1602,11720.06
1603,5811.04
1604,11602.11
1605,7546.58
1606,58349.57
1607,4673.4
1608,6163.47
1609,4708.69
1610,48366.24
1611,4219.87
1612,5401.32
1613,5779.47
1614,5555.69
1615,51566.8
1616,50726.53
1617,52058.78
1618,5003.76
1619,6750.48
1620,52594.84
1621,63580.98
1622,4857.54
1623,4814.2
1624,3698.02
1625,6246.19
1626,6729.73
1627,70001.1
1628,7951.85
1629,48093.08
1630,59228.83
1631,9314.4
1632,5514.21
1633,8313.7
1634,5904.9
1635,8833.86
1636,7443.6
1637,12301.46
1638,8234.62
1639,5019.59
1640,5888.18
1641,71394.12
1642,14315.97
1643,12447.2
1644,6903.59
1645,59919.58
1646,6325.5
1647,61125.7
1648,44783.28
1649,6126.57
1650,13723.65
1651,59162.63
1652,11262.76
1653,56201.8
1654,2342.47
1655,14653.61
1656,5016.94
1657,5889.21
1658,55446.91
1659,4717.91
1660,6323.28
1661,48337.97
1662,5733.53
1663,5728.01
1664,56206.32
1665,5363.29
1666,2646.24
1667,11747.24
1668,9251.09
1669,4813.9
1670,49813.89
1671,56632.8
1672,5376.86
1673,5440.9
1674,12262.04
1675,32870.41
1676,61412.91
1677,1840.52
1678,55639.38
1679,5051.26
1680,58457.92
1681,5216.98
1682,53988.66
1683,4767.36
1684,7230.53
1685,4397.41
1686,2697.93
1687,3408.55
1688,5641.35
1689,1813.94
1690,1661.13
1691,5881.31
1692,5472.36
1693,5082.93
1694,56191.27
1695,2503.15
1696,4752.8
1697,6490.62
1698,3860.4
1699,54012.73
1700,6691.33
1701,5676.2
1702,5870.03
1703,5510.98
1704,2801.67
1705,8292.52
1706,5637.83
1707,5993.95
1708,4497.23
1709,7471.23
1710,4335.09
1711,6869.18
1712,13517.94
1713,6547.9
1714,7506.83
1715,53479.11
1716,5334.21
1717,4464.59
1718,10355.86
1719,2247.08
1720,54477.27
1721,22394.64
1722,5865.53
1723,5971.67
1724,7717.72
1725,67549.1
1726,57352.08
1727,5864.03
1728,49995.55
1729,5861.9
1730,4458.24
1731,61452.17
1732,6299.31
1733,18393.22
1734,5072.73
1735,5935.54
1736,38755.37
1737,54863.94
1738,11788.06
1739,2806.4
1740,4515.9
1741,6518.07
1742,1664.58
1743,2337.8
1744,5686.7
1745,5461.74
1746,2839.61
1747,15848.44
1748,4362.7
1749,51463.25
1750,5526.97
1751,48693.38
1752,10498.15
1753,5131.84
1754,70314.41
1755,6169.92
1756,39911.9
1757,51907.82
1758,7965.12
1759,62444.03
1760,27267.86
1761,56677.16
1762,7672.63
1763,5526.11
1764,2121.66
1765,8435.77
1766,1308.67
1767,4863.34
1768,5748.56
1769,11724.12
1770,6461.25
1771,5303.33
1772,12802.96
1773,59952.11
1774,3701.94
1775,59107.36
1776,7490.53
1777,5048.53
1778,7747.17
1779,1135.23
1780,53590.53
1781,11963.61
1782,5100.3
1783,75913.34
1784,7301.39
1785,47300.22
1786,6085.75
1787,7198.39
1788,6018.5
1789,6368.53
1790,2470.73
1791,4186.57
1792,15488.0
1793,3882.96
1794,8053.42
1795,9996.44
1796,6628.4
1797,5957.73
1798,65614.84
1799,1855.55
1800,5778.51
1801,4858.42
1802,5826.9
1803,2328.51
1804,62952.9
1805,12918.66
1806,3168.77
1807,7113.99
1808,5288.05
1809,6454.87
1810,71656.0
1811,7733.72
1812,4996.99
1813,76527.66
1814,6452.28
1815,8054.86
1816,6046.45
1817,65412.16
1818,8038.47
1819,1839.85
1820,5647.29
1821,9157.32
1822,51946.09
1823,24338.19
1824,8255.87
1825,14245.9
1826,6044.18
1827,14940.94
1828,54206.68
1829,20227.68
1830,5850.08
1831,22233.76
1832,44652.11
1833,5539.3
1834,4543.37
1835,27864.0
1836,2028.27
1837,5907.51
1838,5179.97
1839,12147.57
1840,72092.32
1841,5177.72
1842,55810.3
1843,58773.26
1844,14934.27
1845,14499.71
1846,6142.16
1847,5560.42
1848,6479.43
1849,8217.725
1850,6360.69
1851,9269.03
1852,6182.02
1853,4525.16
1854,11165.12
1855,6970.88
1856,5653.31
1857,55945.4
1858,10464.62
1859,6568.41
1860,6873.7
1861,5905.42
1862,51664.84
1863,4807.95
1864,6545.48
1865,61794.64
1866,15226.35
1867,5361.7
1868,5090.47
1869,4440.01
1870,6240.97
1871,4036.51
1872,67690.63
1873,10751.65
1874,9373.72
1875,5481.01
1876,6421.93
1877,14615.375
1878,43953.74
1879,5201.52
1880,2331.04
1881,13848.49
1882,8870.5
1883,10193.84
1884,5949.0
1885,2535.91
1886,2493.82
1887,52187.83
1888,8246.06
1889,4376.44
1890,58586.62
1891,6274.215
1892,5930.0
1893,4523.15
1894,5466.98
1895,6100.26
1896,54530.62
1897,9020.06
1898,1921.77
1899,4771.64
1900,7786.63
1901,4330.72
1902,5497.5
1903,7353.23
1904,5299.12
1905,13537.09
1906,50526.05
1907,1770.03
1908,6230.9
1909,5824.09
1910,3346.44
1911,9785.54
1912,7784.6
1913,4400.68
1914,16471.76
1915,6300.43
1916,6134.09
1917,43066.65
1918,6096.26
1919,5165.26
1920,6404.36
1921,6268.65
1922,69789.09
1923,2282.94
1924,63200.01
1925,5227.85
1926,3712.9
1927,56016.44
1928,6576.44
1929,5434.03
1930,2214.86
1931,7836.07
1932,6480.63
1933,10351.86
1934,12745.2
1935,3415.94
1936,59545.14
1937,8555.74
1938,6163.7
1939,4813.6
1940,2564.83
1941,50031.84
1942,11202.9
1943,6563.15
1944,5787.03
1945,48824.65
1946,2713.69
1947,12222.29
1948,5188.39
1949,5441.8
1950,8853.64
1951,2166.77
1952,7456.71
1953,50709.79
1954,9003.13
1955,62020.09
1956,16006.32
1957,5264.4
1958,46537.8
1959,4623.88
1960,5577.52
1961,50525.38
1962,6956.19
1963,43116.36
1964,52362.51
1965,4111.26
1966,35246.12
1967,12242.65
1968,3086.29
1969,15369.59
1970,5449.29
1971,4387.42
1972,2330.5
1973,39687.53
1974,3679.84
1975,12943.64
1976,4007.21
1977,5958.92
1978,50854.0
1979,4495.67
1980,5528.18
1981,4948.38
1982,62650.95
1983,34199.58
1984,5255.76
1985,66102.68
1986,55279.41
1987,9761.63
1988,47108.23
1989,53655.08
1990,46707.34
1991,7267.3
1992,5467.84
1993,5041.66
1994,3796.61
1995,2806.16
1996,1753.29
1997,12797.61
1998,5097.13
1999,1896.48
2000,6545.63
2001,64122.04
2002,4461.31
2003,4042.52
2004,67183.82
2005,2344.82
2006,9108.97
2007,47111.37
2008,32276.92
2009,62040.16
2010,10734.0
2011,5468.906
2012,5729.06
2013,5090.79
2014,13581.54
2015,12346.285
2016,12442.9
2017,10412.17
2018,11814.72
2019,10582.92
2020,4448.39
2021,8352.18
2022,5919.58
2023,5677.97
2024,9553.21
2025,14819.37
2026,7746.71
2027,3837.88
2028,5968.6
2029,6303.98
2030,4964.63
2031,16461.32
2032,49636.62
2033,3378.13
2034,32097.43
2035,43787.5
2036,6031.07
2037,2480.69
2038,55946.35
2039,64630.22
2040,56016.48
2041,61643.48
2042,6443.78
2043,4821.69
2044,7749.86
2045,54279.56
2046,51239.22
2047,42487.74
2048,4376.31
2049,5464.01
2050,4950.8
2051,2393.94
2052,37755.08
2053,56692.22
2054,6703.18
2055,46352.27
2056,39073.72
2057,59618.29
2058,6577.69
2059,4834.61
2060,4392.1
2061,66801.67
2062,5243.3
2063,5255.18
2064,5689.83
2065,6298.59
2066,5640.36
2067,6277.09
2068,9085.3
2069,8518.81
2070,4672.22
2071,2290.87
2072,65357.68
2073,4607.27
2074,6120.36
2075,66788.19
2076,12152.49
2077,2269.49
2078,8114.56
2079,6090.14
2080,4141.74
2081,48485.48
2082,5698.52
2083,5243.04
2084,1823.16
2085,49763.59
2086,5557.13
2087,66146.63
2088,69198.33333333333
2089,4640.92
2090,3946.52
2091,11622.75
2092,4740.72
2093,3966.37
2094,60728.65
2095,15234.87
2096,57404.32
2097,11435.49
2098,5954.32
2099,53373.9
2100,8439.83
2101,7745.64
2102,3515.11
2103,68323.15
2104,60018.06
2105,49725.0
2106,5263.06
2107,7557.13
2108,4046.26
2109,11425.91
2110,54250.59
2111,4452.19
2112,6828.27
2113,3793.52
2114,56606.61
2115,6365.34
2116,45115.03
2117,4894.5
2118,4635.15
2119,45365.59
2120,5269.11
2121,49661.37
2122,6131.9
2123,49848.98
2124,7391.55
2125,63225.1
2126,3235.43
2127,49620.21
2128,3826.34
2129,61078.13
2130,4900.55
2131,50670.42
2132,57707.24
2133,3960.52
2134,5772.25
2135,3285.08
2136,3649.66
2137,5806.63
2138,50223.42
2139,5434.82
2140,8076.17
2141,5421.81
2142,55846.41
2143,6965.94
2144,52418.37
2145,5107.36
2146,4845.48
2147,4204.87
2148,4234.54
2149,9042.65
2150,6434.94
2151,6271.75
2152,8119.14
2153,49079.75
2154,49366.61
2155,32859.0
2156,5213.72
2157,13336.78
2158,13946.14
2159,10224.52
2160,9685.13
2161,51621.58
2162,5882.59
2163,54444.5
2164,6472.79
2165,7199.95
2166,4493.73
2167,45412.77
2168,60202.14
2169,5645.46
2170,5078.94
2171,51168.79
2172,4417.0
2173,5395.92
2174,3341.23
2175,5040.83
2176,41765.88
2177,50144.51
2178,55120.82
2179,6302.37
2180,64197.86
2181,3133.45
2182,41949.64
2183,40879.55
2184,5090.12
2185,6532.22
2186,9411.2
2187,15718.66
2188,7428.85
2189,5987.39
2190,8970.44
2191,46394.68
2192,6235.79
2193,6302.07
2194,2347.78
2195,6079.2
2196,58135.745
2197,62113.16
2198,55499.55
2199,3090.9
2200,5179.54
2201,4588.22
2202,5292.55
2203,6539.78
2204,10020.92
2205,4882.8
2206,4324.22
2207,74254.64
2208,4941.77
2209,67392.21
2210,11851.7
2211,12368.29
2212,49140.77
2213,70909.36
2214,11517.31
2215,4962.79
2216,7529.77
2217,58815.815
2218,55071.56
2219,3069.9
2220,56150.89
2221,5482.49
2222,3123.95
2223,6019.38
2224,4342.23
2225,3898.5
2226,6298.36
2227,5269.57
2228,11368.91
2229,11303.57
2230,4620.38
2231,2266.11
2232,59262.86
2233,14356.44
2234,6188.08
2235,55702.44
2236,5030.45
2237,12607.77
2238,4788.59
2239,6762.97
2240,57622.96
2241,9834.58
2242,5152.93
2243,47503.74
2244,2150.0
2245,5155.86
2246,10161.91
2247,4581.19
2248,7694.75
2249,4646.34
2250,6360.6
2251,10506.71
2252,52658.88
2253,8576.49
2254,40898.15
2255,4890.09
2256,6260.51
2257,2999.61
2258,5915.37
2259,5647.98
2260,7802.035
2261,7187.56
2262,10218.35
2263,12069.22
2264,6848.4
2265,3434.22
2266,34138.96
2267,43219.7
2268,11076.95
2269,5831.86
2270,5386.32
2271,2439.81
2272,5764.5
2273,2138.28
2274,44591.28
2275,41603.71
2276,2805.89
2277,9712.48
2278,2458.78
2279,7094.28
2280,41757.63
2281,4494.52
2282,71196.23
2283,59822.18
2284,8394.6
2285,6583.47
2286,49026.4
2287,63053.36
2288,2319.32
2289,5981.37
2290,6173.2
2291,5031.01
2292,2231.15
2293,17220.61
2294,10478.95
2295,5493.66
2296,6947.13
2297,27863.28
2298,6413.06
2299,9923.02
2300,3292.23
2301,45519.68
2302,5326.63
2303,54713.56
2304,7613.22
2305,47890.04
2306,6680.86
2307,16676.84
2308,67565.13
2309,4453.94
2310,7980.3
2311,59715.74
2312,12872.85
2313,47524.16
2314,5040.75
2315,15227.96
2316,5298.77
2317,55207.65
2318,23088.9
2319,13576.57
2320,6444.18
2321,55944.14
2322,4624.93
2323,16139.1
2324,8722.56
2325,5858.81
2326,6152.7
2327,12301.73
2328,34705.81
2329,6449.16
2330,5853.02
2331,46248.32
2332,10571.25
2333,6909.35
2334,11115.09
2335,47480.19
2336,50037.31
2337,53382.86
2338,2415.67
2339,39724.44
2340,8669.04
2341,41567.23
2342,5107.63
2343,45564.84
2344,6451.3
2345,54712.75
2346,4711.11
2347,9418.85
2348,10908.07
2349,6120.62
2350,52683.3
2351,4186.85
2352,4744.17
2353,4592.4
2354,2398.85
2355,5164.05
2356,51320.86
2357,58365.83
2358,5108.75
2359,5527.69
2360,7424.585
2361,59284.27
2362,64356.81
2363,5017.91
2364,51212.56
2365,6503.82
2366,59581.21
2367,4309.78
2368,79222.44
2369,60121.9
2370,6157.19
2371,6587.13
2372,5468.75
2373,5492.4
2374,4339.93
2375,4118.42
2376,49264.86
2377,13826.48
2378,55887.43
2379,4819.31
2380,24270.47
2381,3977.45
2382,10176.54
2383,85037.47
2384,7275.28
2385,9959.67
2386,54612.68
2387,5591.78
2388,6042.77
2389,3170.64
2390,47373.73
2391,5526.53
2392,10551.23
2393,7681.36
2394,13718.72
2395,22263.08
2396,48393.21
2397,4410.64
2398,10177.96
2399,6535.31
2400,18851.92
2401,60290.53
2402,4562.49
2403,30659.39
2404,44268.1
2405,6263.14
2406,4405.41
2407,5113.17
2408,10193.13
2409,10193.55
2410,41899.38
2411,6658.53
2412,6394.93
2413,3535.97
2414,61135.12
2415,10468.17
2416,43769.1
2417,10970.26
2418,5311.96
2419,5861.03
2420,6425.82
2421,7613.18
2422,64747.56
2423,4652.74
2424,2376.42
2425,4783.21
2426,63056.36
2427,5506.85
2428,53382.58
2429,58696.15
2430,12671.97
2431,22152.0
2432,65813.02
2433,7597.26
2434,6293.35
2435,7908.56
2436,4732.64
2437,53715.56
2438,46824.39
2439,4408.11
2440,55294.11
2441,4670.31
2442,7370.94
2443,4971.42
2444,2520.55
2445,3001.49
2446,12836.62
2447,7024.23
2448,7592.75
2449,5575.27
2450,6310.28
2451,3882.04
2452,9758.77
2453,7361.71
2454,49198.71
2455,13828.43
2456,57198.69
2457,23926.08
2458,13336.83
2459,42807.58
2460,46564.84
2461,6797.87
2462,6244.32
2463,5634.32
2464,7766.8758333333335
2465,4457.58
2466,2208.32
2467,5922.37
2468,5954.21
2469,5083.07
2470,5740.83
2471,7586.53
2472,4178.2
2473,4506.35
2474,5193.62
2475,8914.09
2476,4560.62
2477,4173.93
2478,12606.59
2479,79765.31
2480,4574.59
2481,35067.93
2482,6153.04
2483,61501.65
2484,53109.99
2485,59783.79
2486,5585.87
2487,5703.59
2488,53265.05
2489,3139.55
2490,8390.05
2491,59039.27
2492,12827.17
2493,5107.49
2494,4443.04
2495,4964.22
2496,5411.77
2497,2372.62
2498,10291.71
2499,64358.05
2500,3918.09
2501,52876.34
2502,11184.8
2503,3189.35
2504,12764.95
2505,53012.49
2506,3734.79
2507,17604.0
2508,8879.58
2509,4122.53
2510,4622.89
2511,51634.64
2512,10952.71
2513,3784.63
2514,5853.55
2515,13719.11
2516,5099.39
2517,2329.63
2518,56022.71
2519,68029.1
2520,60506.88
2521,6750.25
2522,84306.56
2523,55929.24
2524,57483.69
2525,65133.88
2526,6041.63
2527,6256.54
2528,14355.13
2529,3186.81
2530,7258.57
2531,57292.5
2532,59522.81
2533,4953.96
2534,49482.61
2535,6058.42
2536,7716.54
2537,4364.87
2538,8624.15
2539,3469.91
2540,57285.46
2541,12222.97
2542,12457.14
2543,36458.55
2544,22878.0
2545,4579.55
2546,54684.0
2547,5161.32
2548,2134.56
2549,44325.24
2550,6058.36
2551,4688.85
2552,7292.22
2553,6556.82
2554,44889.96
2555,64478.2
2556,8409.46
2557,6091.25
2558,2349.16
2559,3083.63
2560,7906.42
2561,6650.93
2562,5880.09
2563,13134.38
2564,4765.99
2565,14191.51
2566,13106.12
2567,4066.83
2568,8176.04
2569,8211.08
2570,50699.52
2571,65115.2
2572,2126.15
2573,2876.7
2574,52091.07
2575,4897.97
2576,49686.63
2577,64755.48
2578,7965.89
2579,4419.92
2580,69212.58
2581,53778.19
2582,56560.03
2583,44706.17
2584,5101.03
2585,6051.85
2586,4794.85
2587,49524.37
2588,4877.42
2589,5541.98
2590,5966.58
2591,3871.97
2592,3284.37
2593,6305.18
2594,45082.84
2595,9924.05
2596,37188.13
2597,12726.92
2598,61912.24
2599,5330.89
2600,62006.81
2601,10806.22
2602,3827.49
2603,65160.76
2604,6155.84
2605,16241.75
2606,56863.7
2607,6893.74
2608,5796.69
2609,4442.76
2610,5609.68
2611,8846.37
2612,12185.99
2613,2305.64
2614,5951.1
2615,47298.23
2616,6470.23
2617,4835.97
2618,68776.79
2619,17335.5
2620,10106.823333333332
2621,2602.31
2622,4061.96
2623,7597.93
2624,57224.99
2625,58160.99
2626,5530.62
2627,64456.14
2628,56134.34
2629,55507.75
2630,7392.12
2631,5428.07
2632,5079.55
2633,57342.84
2634,9317.23
2635,3100.13
2636,3925.2
2637,6668.18
2638,67230.5
2639,14046.14
2640,6141.54
2641,4118.23
2642,55389.72
2643,37357.95
2644,3909.4
2645,4925.73
2646,2491.91
2647,36411.86
2648,9957.305
2649,6258.92
2650,56565.72
2651,57794.09
2652,2302.98
2653,6398.27
2654,4085.5
2655,4966.05
2656,5231.12
2657,52163.12
2658,55930.17
2659,52335.58
2660,49544.16
2661,63937.8
2662,2219.05
2663,52816.91
2664,7540.64
2665,5716.19
2666,40280.96
2667,54744.1
2668,54400.7
2669,59706.12
2670,4604.13
2671,11443.33
2672,5598.82
2673,9953.51
2674,4234.48
2675,7205.08
2676,6588.6
2677,2768.05
2678,3054.31
2679,2438.5
2680,5397.55
2681,4786.2
2682,7478.96
2683,3112.68
2684,6482.39
2685,5105.36
2686,6078.86
2687,61693.47
2688,50219.66
2689,12737.13
2690,15851.78
2691,23711.84
2692,5534.44
2693,7188.14
2694,2174.72
2695,10225.37
2696,3239.16
2697,7794.2
2698,11386.43
2699,60924.7
2700,50212.73
2701,44832.87
2702,3105.8
2703,7096.84
2704,4773.83
2705,13220.15
2706,5834.25
2707,39958.27
2708,49725.0
2709,5931.64
2710,52733.11
2711,5059.93
2712,6442.19
2713,4535.18
2714,56793.14
2715,7011.9
2716,4425.55
2717,56878.19
2718,4400.81
2719,5922.51
2720,6311.96
2721,3134.63
2722,11500.99
2723,68860.29
2724,19332.76
2725,2702.21
2726,3897.76
2727,6142.95
2728,5059.81
2729,2839.37
2730,10035.4
2731,55321.55
2732,2146.98
2733,5854.25
2734,50068.91
2735,4771.0
2736,8038.535
2737,49573.8
2738,4498.58
2739,57558.67
2740,6308.22
2741,8612.59
2742,6764.97
2743,57490.58
2744,5402.29
2745,54879.36
2746,6763.34
2747,5181.75
2748,58552.21
2749,7458.8
2750,10919.96
2751,58018.96
2752,6867.03
2753,65980.81
2754,4850.25
2755,5532.56
2756,5852.63
2757,63504.15
2758,4102.56
2759,41314.83
2760,6827.17
2761,51752.33
2762,17435.21
2763,6415.0
2764,51198.59
2765,12890.28
2766,8890.59
2767,7786.08
2768,54880.5
2769,11039.56
2770,44562.86
2771,3448.21
2772,2857.4
2773,3475.71
2774,3300.95
2775,11108.01
2776,7064.45
2777,9409.43
2778,12194.62
2779,10397.053333333333
2780,52406.11
2781,53673.44
2782,9047.66
2783,7931.61
2784,12093.49
2785,6657.59
2786,4470.49
2787,7945.3
2788,7120.471
2789,6316.1
2790,3180.22
2791,2314.81
2792,1837.46
2793,52633.91
2794,4489.54
2795,52154.49
2796,8096.37
2797,13264.2
2798,6060.8
2799,52257.79
2800,6691.12
2801,5331.34
2802,4201.12
2803,27864.0
2804,5595.92
2805,5941.83
2806,59364.59
2807,63864.1
2808,4684.18
2809,52781.19
2810,6150.02
2811,4498.69
2812,6246.47
2813,11635.89
2814,1777.22
2815,7087.28
2816,7980.37
2817,7287.33
2818,5599.61
2819,3576.46
2820,3952.39
2821,7958.45
2822,6300.83
2823,4159.7
2824,5499.94
2825,2593.56
2826,9060.02
2827,4886.97
2828,54544.27
2829,7987.22
2830,4577.11
2831,3707.56
2832,6472.3
2833,4788.9
2834,5232.51
2835,9054.82
2836,2139.16
2837,7744.78
2838,47668.42
2839,51849.71
2840,5566.94
2841,45305.4
2842,47510.7
2843,57669.85
2844,55914.03
2845,2793.48
2846,5318.56
2847,22356.02
2848,7686.61
2849,2775.87
2850,52422.37
2851,6300.804
2852,6214.15
2853,52631.91
2854,47414.49
2855,12676.52
2856,9465.58
2857,50689.95
2858,5279.11
2859,18009.81
2860,5490.09
2861,4367.68
2862,8580.66
2863,4522.23
2864,59126.91
2865,2956.11
2866,2997.85
2867,6199.27
2868,13966.66
2869,52433.89
2870,11727.77
2871,44833.65
2872,54412.88
2873,9548.48
2874,12147.31
2875,6568.19
2876,6046.27
2877,5692.96
2878,7759.32
2879,11059.51
2880,42552.15
2881,2901.05
2882,52091.07
2883,45911.25
2884,5878.08
2885,3695.64
2886,43287.68
2887,7058.72
2888,26369.52
2889,3102.86
2890,1639.84
2891,5306.73
2892,43013.16
2893,6666.02
2894,4425.88
2895,8459.09
2896,18078.41
2897,5423.96
2898,4139.32
2899,12502.8
2900,6475.66
2901,5405.32
2902,56237.295
2903,12722.75
2904,50511.92
2905,5406.4
2906,49414.01
2907,6382.23
2908,50832.01
2909,45848.7
2910,10275.08
2911,7773.77
2912,5469.74
2913,6163.31
2914,55922.63
2915,5659.26
2916,6073.32
2917,4894.87
2918,7421.2
2919,55060.81
2920,13167.51
2921,3139.42
2922,7999.23
2923,12470.59
2924,48378.11
2925,14356.97
2926,8118.02
2927,5660.26
2928,6005.08
2929,38373.25
2930,10239.65
2931,18039.78
2932,5588.59
2933,69116.67
2934,15527.83
2935,56106.21
2936,45724.19
2937,8562.79
2938,6254.89
2939,5590.76
2940,4548.11
2941,55727.64
2942,6071.9
2943,7207.56
2944,2445.6
2945,15388.2
2946,64135.32
2947,12333.18
2948,46300.76
2949,4790.1
2950,5852.06
2951,6469.87
2952,7401.47
2953,56404.04
2954,18089.85
2955,53212.13
2956,13330.79
2957,6125.89
2958,5767.56
2959,6846.78
2960,6983.66
2961,3854.54
2962,3091.19
2963,10340.52
2964,7777.69
2965,49148.34
2966,4176.21
2967,4770.51
2968,53338.685
2969,5135.11
2970,17999.72
2971,6166.95
2972,8062.98
2973,2227.5
2974,9054.34
2975,47291.18
2976,53945.96
2977,15854.33
2978,5189.75
2979,5887.33
2980,5645.831666666668
2981,5636.43
2982,51357.16
2983,11693.15
2984,58302.44
2985,5343.88
2986,6665.73
2987,7779.18
2988,64473.04
2989,12440.17
2990,3521.74
2991,68139.28
2992,46497.54
2993,1955.4
2994,4945.19
2995,3201.86
2996,46909.0
2997,5999.67
2998,43970.23
2999,5962.11
3000,5173.4
3001,5999.71
3002,56904.59
3003,3315.66
3004,6116.39
3005,4769.91
3006,49015.92
3007,6595.16
3008,52068.21
3009,7211.679
3010,65428.41
3011,7832.02
3012,5502.95
3013,2560.38
3014,42564.07
3015,45145.02
3016,45426.37
3017,73886.89
3018,57684.43
3019,8060.96
3020,3416.51
3021,5347.67
3022,4193.32
3023,2995.01
3024,7202.79
3025,5262.62
3026,6990.93
3027,62750.72
3028,6621.77
3029,7806.61
3030,6045.13
3031,4051.09
3032,6166.44
3033,60754.82
3034,6331.2
3035,49334.3
3036,4601.34
3037,6043.53
3038,4996.21
3039,16364.485
3040,43107.91
3041,5433.47
3042,12677.41
3043,3922.78
3044,3962.39
3045,7205.95
3046,4388.86
3047,63616.25
3048,9870.53
3049,63633.02
3050,2756.4
3051,49430.34
3052,55306.59
3053,6217.62
3054,54533.39
3055,58074.19
3056,3245.16
3057,7725.32
3058,60505.76
3059,2329.69
3060,4273.9
3061,55539.19
3062,5328.19
3063,2681.08
3064,12511.12
3065,6109.18
3066,35839.19
3067,4787.84
3068,2509.4
3069,7302.2
3070,7901.59
3071,6174.24
3072,56108.0
3073,6386.54
3074,3477.48
3075,5435.3
3076,47388.65
3077,11775.07
3078,4298.4
3079,2664.54
3080,3480.89
3081,47421.96
3082,14564.23
3083,12069.37
3084,7862.07
3085,13672.79
3086,11114.67
3087,9745.64
3088,4511.2
3089,4556.38
3090,7618.43
3091,3411.54
3092,7637.2
3093,5850.31
3094,5672.61
3095,4787.78
3096,6577.79
3097,5959.88
3098,53798.26
3099,7308.07
3100,5975.38
3101,55267.98
3102,31047.91
3103,5538.4
3104,9789.77
3105,6489.77
3106,20225.725
3107,49462.36
3108,51927.53
3109,5889.24
3110,60644.0
3111,47939.1
3112,5451.89
3113,5425.44
3114,2273.12
3115,47767.81
3116,3189.63
3117,9208.3
3118,4095.27
3119,7444.09
3120,59584.27
3121,62972.7
3122,55890.95
3123,2614.97
3124,62380.44
3125,33158.89
3126,4843.08
3127,7366.08
3128,57307.24
3129,53267.57
3130,2201.08
3131,6361.39
3132,10917.17
3133,4749.16
3134,2364.7
3135,6432.49
3136,66420.32
3137,61049.97
3138,7585.22
3139,5670.78
3140,56692.44
3141,4477.01
3142,50599.82
3143,47498.19
3144,5205.33
3145,12837.9
3146,52345.44
3147,3212.53
3148,5074.04
3149,7117.36
3150,2250.45
3151,56696.33
3152,6556.43
3153,14818.49
3154,51035.85
3155,7040.146
3156,6325.13
3157,5000.98
3158,5798.73
3159,5489.42
3160,11132.27
3161,4214.64
3162,43514.19
3163,70183.24
3164,7146.54
3165,14461.51
3166,5949.0
3167,1982.4
3168,43579.03
3169,6072.08
3170,6720.28
3171,6348.21
3172,14013.43
3173,11952.13
3174,6034.67
3175,5967.78
3176,6416.12
3177,4806.72
3178,4151.58
3179,7573.41
3180,10274.74
3181,65167.74
3182,56915.72
3183,12894.22
3184,2339.53
3185,4057.97
3186,4469.01
3187,4427.55
3188,7513.99
3189,3983.76
3190,5770.65
3191,52731.7
3192,59277.91
3193,44515.41
3194,58241.98
3195,54414.08
3196,6349.84
3197,5158.39
3198,48797.8575
3199,74437.93
3200,64131.28
3201,11057.35
3202,9026.23
3203,9511.37
3204,12751.01
3205,28983.89
3206,5953.13
3207,67682.36
3208,5396.93
3209,75308.04
3210,6516.03
3211,5530.2
3212,3999.12
3213,4260.44
3214,6080.64
3215,54326.46
3216,4566.86
3217,25520.8
3218,6409.9
3219,5395.6
3220,38898.39
3221,51585.32
3222,4398.67
3223,48348.14
3224,6765.96
3225,5442.17
3226,60260.87
3227,4854.93
3228,4379.28
3229,4886.53
3230,6433.81
3231,8562.61
3232,5511.62
3233,8614.8
3234,5226.4
3235,12488.17
3236,2651.79
3237,4358.58
3238,5663.72
3239,2067.35
3240,4707.1
3241,3769.44
3242,5711.69
3243,4860.24
3244,61039.27
3245,42069.49
3246,50339.92
3247,57235.05
3248,6131.55
3249,11282.51
3250,9718.64
3251,52040.748
3252,5682.31
3253,65891.11
3254,5565.22
3255,4518.46
3256,5988.75
3257,63221.33
3258,54608.0
3259,6759.26
3260,5211.91
3261,27938.17
3262,2296.04
3263,6181.78
3264,14524.88
3265,6919.64
3266,3161.31
3267,3061.1
3268,6974.63
3269,2584.64
3270,6865.41
3271,2890.29
3272,17642.1
3273,6839.15
3274,5912.35
3275,5817.38
3276,22199.64
3277,2583.29
3278,57776.45333333334
3279,52060.21
3280,5865.42
3281,5964.63
3282,5529.91
3283,7503.94
3284,4500.02
3285,4993.9
3286,5438.06
3287,12509.55
3288,4568.44
3289,13499.418333333335
3290,6994.97
3291,52265.16
3292,10197.08
3293,11085.32
3294,64863.02
3295,58543.89
3296,53489.74
3297,4686.47
3298,5646.38
3299,5229.32
3300,3997.66
3301,15920.08
3302,7337.36
3303,49641.38
3304,4132.48
3305,5014.93
3306,6033.17
3307,5291.1
3308,52322.04
3309,4402.8
3310,44373.08
3311,5060.71
3312,37355.73
3313,16431.27
3314,5417.41
3315,5878.43
3316,28154.43
3317,6432.1
3318,10622.46
3319,56761.0
3320,5748.53
3321,2739.96
3322,5941.46
3323,4479.47
3324,2312.35
3325,7515.28
3326,3297.94
3327,44695.46
3328,14223.02
3329,5131.03
3330,6333.25
3331,12722.06
3332,3813.21
3333,7211.07
3334,7654.68
3335,53254.49
3336,56978.78
3337,13673.04
3338,4041.18
3339,57837.52
3340,5369.91
3341,9781.95
3342,4718.89
3343,2129.94
3344,2590.5
3345,42508.72
3346,57630.37
3347,11844.48
3348,4745.02
3349,66670.17
3350,55511.27
3351,4974.54
3352,6612.5
3353,6052.41
3354,4898.99
3355,9779.49
3356,6851.03
3357,6783.77
3358,13028.06
3359,3128.87
3360,57147.22
3361,66230.54
3362,4500.47
3363,11733.46
3364,2530.63
3365,5678.42
3366,8985.82
3367,7604.75
3368,12868.77
3369,5363.03
3370,8528.99
3371,3516.05
3372,2050.99
3373,34182.68
3374,7795.39
3375,54003.81
3376,39167.38
3377,10446.49
3378,4500.58
3379,54043.31
3380,53631.01
3381,6454.08
3382,2416.9
3383,10406.2
3384,2642.81
3385,3079.7
3386,66068.39
3387,5463.47
3388,14644.24
3389,8664.59
3390,4537.37
3391,57983.67
3392,37420.02
3393,42124.36
3394,60896.6
3395,54660.71
3396,58590.95
3397,3172.84
3398,2504.2
3399,50162.33
3400,5389.69
3401,60285.29
3402,57609.78
3403,10918.96
3404,13884.98
3405,18489.48
3406,5552.42
3407,14722.55
3408,5568.02
3409,8066.13
3410,51103.74
3411,4710.8
3412,9430.69
3413,2351.44
3414,2227.64
3415,41497.8
3416,8436.86
3417,53207.36
3418,73105.72
3419,5946.83
3420,5881.48
3421,5938.7
3422,15955.07
3423,4333.63
3424,10267.83
3425,53803.42
3426,23490.16
3427,16787.25
3428,49904.16
3429,6396.13
3430,49597.87
3431,3429.36
3432,5099.83
3433,6737.3
3434,5037.09
3435,5286.5
3436,12693.04
3437,60100.44
3438,12193.5
3439,5156.75
3440,5033.5
3441,6099.86
3442,10581.28
3443,54976.24
3444,4664.76
3445,7597.32
3446,50319.95
3447,5566.88
3448,6234.54
3449,54942.71
3450,5513.54
3451,5346.76
3452,5457.09
3453,56728.93
3454,3596.75
3455,13722.88
3456,58669.69
3457,48723.74
3458,13363.89
3459,54053.79
3460,50205.27
3461,3483.96
3462,6216.21
3463,2947.76
3464,5448.62
3465,60692.05
3466,4926.84
3467,6349.14
3468,49426.89
3469,63996.27
3470,1937.32
3471,43129.69
3472,68652.74
3473,59871.27
3474,53961.5
3475,22408.48
3476,13841.7
3477,7393.41
3478,15058.99
3479,61719.26
3480,4327.2
3481,5328.57
3482,43780.45
3483,39105.38
3484,27577.2
3485,62826.85
3486,6554.48
3487,12195.79
3488,17978.87
3489,5453.04
3490,44067.15
3491,9035.35
3492,12703.49
3493,32579.55
3494,3290.09
3495,7981.38
3496,14724.54
3497,7719.93
3498,7362.34
3499,5355.44
3500,5851.18
3501,13643.31
3502,62807.69
3503,44607.15
3504,14838.11
3505,56917.16
3506,13673.92
3507,5585.17
3508,5545.58
3509,3342.86
3510,58593.28
3511,3604.67
3512,60026.57
3513,4791.84
3514,48618.22
3515,9339.76
3516,2831.09
3517,13027.14
3518,12307.48
3519,7538.34
3520,5960.11
3521,12847.06
3522,5898.24
3523,5327.56
3524,3262.97
3525,5619.57
3526,6212.17
3527,47597.0
3528,5054.31
3529,4753.31
3530,5187.02
3531,3884.64
3532,8943.05
3533,8032.98
3534,2679.94
3535,39547.18
3536,42710.57
3537,4545.69
3538,5086.56
3539,5861.98
3540,4904.12
3541,3317.33
3542,2153.83
3543,7375.94
3544,2213.93
3545,4434.91
3546,3376.99
3547,3816.18
3548,31376.05
3549,56352.96
3550,49227.05
3551,5904.97
3552,6453.52
3553,4234.59
3554,46331.31
3555,60272.0
3556,5152.806
3557,4525.97
3558,5601.17
3559,9910.6
3560,60826.6
3561,56962.53
3562,7573.64
3563,6295.13
3564,3144.1
3565,13063.58
3566,2847.93
3567,7425.74
3568,3060.7
3569,3541.4
3570,67417.07
3571,2515.1
3572,3084.55
3573,7348.6
3574,10482.8
3575,62649.64
3576,56817.38
3577,13462.89
3578,3904.84
3579,5301.69
3580,52751.7
3581,53550.36
3582,71681.42
3583,22152.0
3584,34971.84
3585,53882.76
3586,3897.8
3587,5751.46
3588,53715.74
3589,53842.58
3590,14056.51
3591,5854.06
3592,60158.79
3593,12459.86
3594,8266.47
3595,7239.28
3596,10732.64
3597,53595.03
3598,7643.63
3599,52848.12
3600,2590.71
3601,3998.63
3602,6965.86
3603,12762.12
3604,8362.1
3605,50756.745
3606,7595.95
3607,41976.07
3608,56550.27
3609,4548.63
3610,5625.46
3611,65829.07
3612,11997.45
3613,4585.15
3614,64420.46
3615,4798.66
3616,12059.75
3617,4311.72
3618,11487.24
3619,6959.03
3620,4787.48
3621,11511.46
3622,50601.48
3623,4562.63
3624,7531.08
3625,58746.68
3626,24309.4
3627,11378.87
3628,8406.6
3629,6274.8
3630,3032.98
3631,5050.12
3632,10324.15
3633,9689.37
3634,9476.57
3635,61996.95
3636,11673.32
3637,1779.15
3638,3238.84
3639,2504.97
3640,3925.92
3641,3611.1
3642,5267.36
3643,59532.28
3644,5323.46
3645,3447.15
3646,5349.79
3647,6676.8
3648,39885.61
3649,56865.41
3650,4547.4
3651,8160.3
3652,55596.0
3653,6671.84
3654,5633.75
3655,11100.19
3656,5736.56
3657,3259.82
3658,49907.0
3659,4200.16
3660,4148.57
3661,55883.97
3662,1844.09
3663,55261.69
3664,6511.5
3665,4762.79
3666,43120.39
3667,7703.54
3668,11878.42
3669,5344.6
3670,14347.545
3671,3042.5
3672,49723.88
3673,50626.05
3674,2656.72
3675,12173.74
3676,7635.76
3677,3832.98
3678,11605.05
3679,3939.25
3680,3548.33
3681,65113.38
3682,58322.27
3683,7585.48
3684,44609.19
3685,54677.6
3686,3582.57
3687,4446.7
3688,39584.89
3689,60307.35
3690,5079.55
3691,5364.74
3692,6400.77
3693,8860.96
3694,71064.21733333332
3695,6152.27
3696,4547.46
3697,5127.84
3698,66463.75
3699,57293.2
3700,2379.35
3701,16515.314833333337
3702,6717.11
3703,1868.62
3704,5585.35
3705,5449.43
3706,15975.49
3707,8205.5
3708,4497.45
3709,8046.93
3710,37669.71
3711,55176.2
3712,53029.08
3713,15929.16
3714,2783.11
3715,6809.5
3716,5020.7
3717,8408.43
3718,10280.92
3719,4019.53
3720,26497.37
3721,4011.6
3722,4516.85
3723,6973.95
3724,4213.08
3725,63375.78
3726,61977.92
3727,4757.17
3728,54943.93
3729,12661.63
3730,7872.14
3731,6874.84
3732,3325.55
3733,4548.58
3734,5118.53
3735,54799.46
3736,4014.67
3737,12806.2
3738,9964.09
3739,6510.11
3740,52210.14
3741,59395.93
3742,7938.24
3743,7452.68
3744,25018.28
3745,54275.05
3746,9331.64
3747,71609.58
3748,7566.44
3749,10897.85
3750,6732.7
3751,5799.71
3752,48955.75
3753,7601.7
3754,69810.44
3755,4948.03
3756,31516.37
3757,6572.62
3758,6141.95
3759,6298.87
3760,7996.68
3761,4660.47
3762,1993.33
3763,63048.4
3764,48967.07
3765,3994.67
3766,2236.31
3767,2254.31
3768,46852.27
3769,52503.01
3770,4900.65
3771,7373.61
3772,3283.65
3773,8019.69
3774,8326.8
3775,3454.7
3776,7527.62
3777,6172.17
3778,5395.92
3779,5385.16
3780,43879.66
3781,5070.24
3782,12091.62
3783,50812.73
3784,10591.87
3785,14344.42
3786,54481.11
3787,54177.9
3788,55729.62
3789,14960.17
3790,3192.08
3791,4758.2
3792,55964.33
3793,12237.16
3794,38301.76
3795,5036.02
3796,4850.17
3797,12659.25
3798,44328.39
3799,23309.28
3800,5149.45
3801,5682.81
3802,8732.22
3803,28154.43
3804,11091.64
3805,7794.29
3806,6280.59
3807,5678.85
3808,8399.02
3809,5200.57
3810,56253.8
3811,51996.21
3812,51218.65
3813,43529.42
3814,9841.06
3815,5339.71
3816,2106.22
3817,50815.8
3818,45960.47
3819,2362.42
3820,3879.45
3821,7913.34
3822,53889.65
3823,2610.69
3824,34472.83
3825,6282.17
3826,39613.58
3827,42916.04
3828,7033.68
3829,11197.17
3830,11909.23
3831,6958.63
3832,5916.23
3833,5574.59
3834,5354.28
3835,34437.14
3836,4126.35
3837,36230.24
3838,45576.41
3839,8900.03
3840,2298.47
3841,51081.66
3842,63140.03
3843,5042.18
3844,27905.18
3845,57357.66
3846,5134.06
3847,45378.1
3848,7533.38
3849,5830.5
3850,3173.13
3851,4133.9
3852,6111.99
3853,43885.04
3854,6518.48
3855,5005.57
3856,58560.62
3857,5887.22
3858,6642.82
3859,12470.71
3860,5205.98
3861,10874.16
3862,3111.37
3863,51074.31
3864,3734.15
3865,45644.21
3866,25731.69
3867,8195.76
3868,4782.66
3869,24056.39
3870,3868.4
3871,50980.19
3872,4275.06
3873,6943.91
3874,32833.57
3875,7369.37
3876,5969.47
3877,7313.04
3878,6642.7
3879,13516.28
3880,49575.35
3881,8975.83
3882,8418.24
3883,6993.78
3884,6626.61
3885,56584.22
3886,5085.06
3887,27987.2
3888,10805.73
3889,2509.25
3890,4753.33
3891,7236.64
3892,4604.54
3893,6552.47
3894,10522.2
3895,45176.77
3896,1669.44
3897,5976.38
3898,2347.05
3899,4458.83
3900,5716.73
3901,12288.68
3902,5443.42
3903,55525.1
3904,48186.12
3905,56819.87
3906,3959.29
3907,50548.61
3908,60660.68
3909,58654.1
3910,5748.19
3911,3256.7
3912,3803.2
3913,5710.22
3914,5422.37
3915,13375.57
3916,8371.34
3917,7101.77
3918,60195.92
3919,9713.94
3920,66272.34
3921,53535.5
3922,32859.64
3923,4828.45
3924,7899.6
3925,60761.35
3926,7099.44
3927,2533.21
3928,8203.48
3929,5331.8
3930,4357.79
3931,4685.33
3932,5641.71
3933,4100.81
3934,5627.35
3935,4987.49
3936,2785.92
3937,6498.86
3938,7119.31
3939,7204.41
3940,6429.68
3941,5262.01
3942,5659.71
3943,48467.61
3944,58732.3
3945,2819.42
3946,12137.016666666665
3947,6997.24
3948,58366.78
3949,5325.15
3950,7588.89
3951,3591.58
3952,6075.13
3953,9352.84
3954,6826.98
3955,2269.49
3956,46954.85
3957,10106.73
3958,4199.78
3959,7362.29
3960,5195.8
3961,57644.11
3962,5973.15
3963,5429.46
3964,55771.55
3965,5947.49
3966,5169.91
3967,11665.65
3968,5285.17
3969,5012.66
3970,54472.84
3971,2888.95
3972,4547.87
3973,7158.34
3974,7546.85
3975,5523.67
3976,36863.16
3977,42365.39
3978,50658.54
3979,5944.64
3980,60858.59
3981,49469.55
3982,11290.31
3983,43266.1
3984,3954.76
3985,5383.0
3986,33601.78
3987,52384.61
3988,8982.59
3989,28365.53
3990,6451.42
3991,4803.28
3992,2551.38
3993,5427.3
3994,3380.74
3995,3487.69
3996,3157.78
3997,55070.03
3998,8660.74
3999,5892.15
4000,61069.2
4001,52390.28
4002,57370.7
4003,6147.55
4004,8013.46
4005,4501.92
4006,3691.19
4007,14198.73
4008,8984.12
4009,4948.36
4010,6818.64
4011,7017.65
4012,65258.24
4013,4390.78
4014,59945.32
4015,9807.94
4016,6139.28
4017,4923.01
4018,31324.59
4019,5114.04
4020,60829.09
4021,4932.08
4022,56365.62
4023,6473.23
4024,6023.72
4025,64252.99
4026,10262.84
4027,6501.18
4028,43019.29
4029,52798.37
4030,55859.37
4031,12475.386666666665
4032,55772.77
4033,2778.14
4034,2988.62
4035,52337.13
4036,2546.14
4037,10126.42
4038,53776.02
4039,5495.77
4040,6927.03
4041,4968.02
4042,4087.37
4043,4364.99
4044,15438.81
4045,5682.67
4046,8310.98
4047,5280.83
4048,6283.37
4049,4459.71
4050,5448.67
4051,23228.4
4052,49672.36
4053,41605.4
4054,4640.76
4055,10189.37
4056,6617.27
4057,2915.88
4058,5509.23
4059,42649.46
4060,7652.3
4061,8121.93
4062,71733.49
4063,5691.11
4064,4242.22
4065,45795.34
4066,10000.59
4067,2744.78
4068,5642.03
4069,1929.39
4070,12548.27
4071,54537.65
4072,60173.67
4073,3103.4
4074,4459.65
4075,13755.22
4076,11534.96
4077,11259.28
4078,51562.68
4079,4540.95
4080,6423.53
4081,12439.24
4082,13228.46
4083,3278.28
4084,4124.98
4085,58249.02
4086,3922.15
4087,11059.47
4088,5942.19
4089,66184.61
4090,6247.07
4091,7725.17
4092,7582.15
4093,7554.47
4094,5820.11
4095,4108.33
4096,41751.33
4097,5427.93
4098,56204.05
4099,46645.16
4100,46724.93
4101,3984.59
4102,3110.8
4103,4869.51
4104,7532.44
4105,72051.79
4106,62056.83
4107,12866.79
4108,9077.3
4109,47630.52
4110,5590.36
4111,87750.8
4112,6995.61
4113,6038.87
4114,14666.69
4115,6227.22
4116,7452.694
4117,55492.78
4118,14945.05
4119,38525.83
4120,5077.11
4121,53464.41
4122,12386.85
4123,48814.23
4124,4809.83
4125,3865.93
4126,3377.94
4127,59440.65
4128,1468.19
4129,13108.89
4130,68245.44
4131,6699.75
4132,48710.81
4133,56077.56
4134,45221.04
4135,4482.5
4136,2492.27
4137,63024.19
4138,52827.06
4139,3779.93
4140,56297.38
4141,5279.33
4142,8893.68
4143,54199.78
4144,6770.75
4145,11923.35
4146,8454.57
4147,5394.94
4148,5637.89
4149,5844.39
4150,4603.56
4151,5445.66
4152,55470.38
4153,5551.45
4154,2806.06
4155,2517.28
4156,10049.33
4157,5392.67
4158,4365.77
4159,6606.44
4160,8022.84
4161,5641.04
4162,4185.35
4163,52703.75
4164,16957.0
4165,6531.19
4166,53209.73
4167,2766.51
4168,4873.72
4169,2108.08
4170,12768.55
4171,5001.15
4172,75760.6
4173,11300.71
4174,5955.85
4175,4930.97
4176,48210.85
4177,66938.2
4178,6907.71
4179,3789.53
4180,11034.39
4181,41417.55
4182,63593.75
4183,6503.73
4184,54434.77
4185,62417.54
4186,4016.4
4187,9970.76
4188,5766.4416666666675
4189,4267.13
4190,56331.25
4191,48881.07
4192,3307.91
4193,56582.81
4194,49132.43
4195,56403.7
4196,5860.83
4197,8407.52
4198,2621.16
4199,57937.15
4200,2840.45
4201,50152.82
4202,22263.08
4203,6507.04
4204,6350.06
4205,5779.54
4206,4748.87
4207,35283.34
4208,4727.89
4209,12202.91
4210,38560.72
4211,4685.97
4212,9554.19
4213,9325.99
4214,5115.85
4215,5838.42
4216,48469.83
4217,11823.35
4218,7044.62
4219,6657.91
4220,12525.53
4221,4843.23
4222,3675.48
4223,66697.33
4224,5285.36
4225,7003.01
4226,45693.75
4227,56420.58
4228,3174.71
4229,45800.39
4230,5060.46
4231,53248.62
4232,6108.06
4233,5114.56
4234,11398.94
4235,49768.18
4236,7067.07
4237,11044.49
4238,6018.61
4239,54051.67
4240,13217.91
4241,10486.08
4242,2803.88
4243,4651.44
4244,5895.64
4245,6028.45
4246,3420.8
4247,6621.51
4248,5854.09
4249,2810.26
4250,56970.68
4251,10796.82
4252,7659.46
4253,4097.74
4254,49026.36
4255,2862.88
4256,5072.61
4257,4852.34
4258,6616.395
4259,68435.3
4260,61732.28
4261,2994.36
4262,4218.73
4263,49783.76
4264,3613.06
4265,6127.29
4266,5943.57
4267,45458.9
4268,38238.675
4269,73771.3
4270,10123.48
4271,23797.0
4272,5023.96
4273,2483.26
4274,4211.65
4275,7265.68
4276,5027.51
4277,4356.47
4278,12827.45
4279,46745.45
4280,5475.744000000001
4281,5167.85
4282,6466.67
4283,10124.01
4284,64678.19
4285,5994.73
4286,1898.19
4287,9199.91
4288,52063.75
4289,52620.11
4290,14414.75
4291,9294.38
4292,5553.32
4293,33289.86
4294,5418.48
4295,6328.47
4296,51063.07
4297,18986.9
4298,41975.5
4299,54447.615
4300,54454.52
4301,72365.89
4302,6141.29
4303,17119.88
4304,58422.64
4305,7191.28
4306,80404.92
4307,6663.19
4308,2750.76
4309,55114.54
4310,45007.68
4311,51203.41
4312,28601.4
4313,46674.21
4314,5797.73
4315,59029.76
4316,6173.7
4317,63535.56
4318,48050.05
4319,4245.57
4320,4655.26
4321,6990.24
4322,17174.66
4323,11927.24
4324,64850.51
4325,6559.3
4326,6146.92
4327,6066.76
4328,50374.74
4329,67148.26
4330,5548.58
4331,7991.41
4332,6323.22
4333,45287.2
4334,8189.98
4335,2927.73
4336,75640.74
4337,4469.28
4338,2343.96
4339,55466.87
4340,6495.56
4341,40301.54
4342,4525.42
4343,54702.15
4344,58256.02
4345,5662.12
4346,7320.47
4347,8092.32
4348,3469.11
4349,13076.86
4350,59698.85
4351,5583.15
4352,4659.15
4353,71800.5
4354,3947.35
4355,7182.73
4356,44251.67
4357,49999.59
4358,3537.53
4359,12696.53
4360,4467.74
4361,46887.92
4362,44733.19
4363,4316.35
4364,45034.5
4365,71618.82
4366,63654.54
4367,38294.01
4368,5584.63
4369,50904.69
4370,1439.79
4371,7166.32
4372,62306.67
4373,6513.91
4374,7472.83
4375,61201.53
4376,4531.32
4377,12332.9
4378,33449.91
4379,65962.55
4380,4027.15
4381,56207.25
4382,6574.36
4383,1618.3
4384,68768.21
4385,4428.5
4386,6220.82
4387,4478.72
4388,7553.68
4389,4347.67
4390,11254.68
4391,4913.42
4392,5177.31
4393,7960.43
4394,5996.95
4395,4725.37
4396,53961.41
4397,48180.34
4398,39648.02
4399,68949.38
4400,5720.81
4401,17529.86
4402,58721.77
4403,5282.61
4404,6719.05
4405,1640.89
4406,47460.39
4407,57701.28
4408,5756.68
4409,4320.34
4410,6459.38
4411,4902.03
4412,4320.59
4413,41700.03
4414,4466.75
4415,8836.88
4416,6422.13
4417,55893.14
4418,5126.62
4419,57898.37
4420,53035.39
4421,6754.28
4422,59324.91
4423,5961.89
4424,5050.11
4425,6362.31
4426,53015.23
4427,2257.56
4428,7255.78
4429,5508.53
4430,51531.29
4431,10522.9
4432,10664.15
4433,6767.95
4434,51875.76
4435,36772.35
4436,2979.39
4437,3971.03
4438,4643.45
4439,6360.93
4440,6103.13
4441,6359.24
4442,13813.07
4443,18614.57
4444,4239.98
4445,53454.34
4446,4566.97
4447,12505.89
4448,4104.2
4449,3501.16
4450,47408.59
4451,4903.57
4452,8917.77
4453,5118.53
4454,11506.205
4455,6272.46
4456,3319.18
4457,4830.7
4458,44032.2
4459,8324.07
4460,5976.92
4461,13031.51
4462,5485.75
4463,6413.2
4464,5582.3
4465,5984.03
4466,10496.55
4467,54723.54
4468,33768.5
4469,11487.31
4470,3382.62
4471,45288.04
4472,7747.85
4473,5411.49
4474,4749.95
4475,52067.47
4476,8621.72
4477,72652.24
4478,4793.47
4479,3257.41
4480,5264.63
4481,58270.6
4482,4640.65
4483,2657.4
4484,29657.86
4485,50015.49
4486,3733.88
4487,11912.79
4488,3002.81
4489,4534.19
4490,55875.44
4491,50838.39
4492,55897.74
4493,7942.57
4494,48922.34
4495,5588.56
4496,49387.53
4497,75081.45
4498,22432.66
4499,58556.61
4500,57566.81
4501,7894.8
4502,6542.51
4503,8124.72
4504,4071.31
4505,11956.71
4506,44610.63
4507,5460.33
4508,6074.2
4509,57217.73
4510,47818.6
4511,4191.42
4512,6383.33
4513,6409.58
4514,5216.61
4515,33693.15
4516,5802.43
4517,64010.34
4518,5019.77
4519,6328.19
4520,6078.65
4521,14650.38
4522,6473.6
4523,5627.49
4524,11192.15
4525,5856.87
4526,5649.68
4527,5302.8
4528,15300.73
4529,4304.38
4530,2153.0
4531,4270.48
4532,12670.52
4533,46680.12
4534,6410.78
4535,54193.98
4536,56595.33
4537,4408.56
4538,4842.32
4539,5186.69
4540,5701.76
4541,6885.71
4542,11578.17
4543,52940.12
4544,27905.18
4545,7541.75
4546,47653.05
4547,54139.54
4548,71603.88
4549,5632.08
4550,5570.27
4551,4541.44
4552,6434.39
4553,11059.46
4554,24680.78
4555,8693.34
4556,50884.08
4557,12580.85
4558,13078.74
4559,41510.16
4560,67286.4
4561,7549.87
4562,5396.22
4563,4880.67
4564,4073.47
4565,41060.22
4566,5659.75
4567,11503.47
4568,4912.2
4569,4229.96
4570,4784.88
4571,6192.17
4572,6360.32
4573,7643.13
4574,2665.65
4575,6067.05
4576,5221.62
4577,6517.55
4578,5600.69
4579,1980.2
4580,8441.54
4581,4633.95
4582,54870.93
4583,4677.52
4584,54019.27
4585,2523.08
4586,3324.56
4587,10913.56
4588,52011.6
4589,4180.78
4590,48860.86
4591,10166.66
4592,13537.86
4593,3229.29
4594,34560.25
4595,3685.13
4596,6002.36
4597,7288.02
4598,4508.47
4599,2663.16
4600,6353.85
4601,46026.59
4602,12948.28
4603,56344.79
4604,9672.04
4605,44234.53
4606,7693.66
4607,3683.17
4608,8815.56
4609,4123.34
4610,6952.88
4611,51262.0
4612,69538.03
4613,4019.49
4614,1717.42
4615,57131.26
4616,2372.09
4617,3597.71
4618,6503.58
4619,50510.5
4620,2422.1
4621,9673.732
4622,2902.32
4623,1974.16
4624,9373.53
4625,14119.21
4626,8744.89
4627,36487.72
4628,3113.37
4629,6931.61
4630,11838.94
4631,5883.94
4632,8885.75
4633,67972.07
4634,59078.83
4635,7989.06
4636,55894.42
4637,11944.88
4638,13123.32
4639,48455.7
4640,3562.24
4641,5334.31
4642,8040.4
4643,52646.02
4644,11228.71
4645,3785.41
4646,10257.77
4647,48665.4
4648,2870.12
4649,64961.3
4650,45106.11
4651,13695.5
4652,4338.6
4653,12439.71
4654,44785.64
4655,11374.73
4656,62395.17
4657,64103.05
4658,13696.2
4659,5046.613333333334
4660,57477.31
4661,4926.49
4662,67305.28
4663,14894.19
4664,59547.68
4665,53030.93
4666,4866.39
4667,6111.57
4668,16294.92
4669,4781.96
4670,11922.2
4671,63686.69
4672,11292.83
4673,50406.08
4674,6359.96
4675,54408.17
4676,4617.56
4677,56540.94
4678,41587.79
4679,69765.94
4680,6728.14
4681,5113.65
4682,22722.52
4683,16506.78
4684,56582.51
4685,51339.62
4686,6462.42
4687,44980.76
4688,5823.71
4689,66053.04
4690,9643.25
4691,14162.79
4692,6090.74
4693,54740.15
4694,6737.65
4695,57291.84
4696,6462.56
4697,50839.44
4698,22126.04
4699,36105.81
4700,57230.291
4701,6728.74
4702,6019.08
4703,4176.25
4704,17033.51
4705,8137.63
4706,5488.75
4707,5539.04
4708,2125.06
4709,55537.97
4710,2937.91
4711,8435.09
4712,6545.76
4713,13386.25
4714,5920.24
4715,48149.2
4716,6314.53
4717,4089.6
4718,29446.5
4719,33554.65
4720,54091.71
4721,41326.58
4722,14898.64
4723,30721.78
4724,36078.08
4725,5824.22
4726,6106.44
4727,6474.38
4728,45875.19
4729,4744.68
4730,56694.21
4731,9083.11
4732,69764.1
4733,51503.7
4734,5962.36
4735,54635.48
4736,4832.64
4737,5474.86
4738,46258.42
4739,5249.24
4740,7524.85
4741,47597.0
4742,2803.67
4743,2243.66
4744,5284.72
4745,9455.8
4746,5696.9
4747,47870.55
4748,53595.29
4749,46707.48
4750,10942.47
4751,62219.9635
4752,9142.24
4753,5981.99
4754,71087.38
4755,8657.56
4756,3353.44
4757,6246.37
4758,8921.16
4759,2391.78
4760,65867.63
4761,5667.31
4762,44320.14
4763,7491.8
4764,4682.25
4765,10793.79
4766,60261.11
4767,65836.92
4768,68218.47
4769,7408.57
4770,12446.62
4771,4448.14
4772,2888.93
4773,10205.87
4774,50512.72
4775,4990.27
4776,4842.75
4777,49101.91
4778,68959.95
4779,47870.25
4780,3824.04
4781,50980.37
4782,5546.88
4783,44285.59
4784,45331.96
4785,34801.31
4786,5181.98
4787,4738.49
4788,51280.41
4789,6269.9325
4790,40143.6
4791,56191.67
4792,7396.54
4793,51149.14
4794,6426.74
4795,79835.05
4796,25889.68
4797,44966.73
4798,10626.16
4799,5067.92
4800,4884.87
4801,2897.76
4802,4380.35
4803,6585.1
4804,6827.35
4805,44485.97
4806,6030.92
4807,4483.58
4808,2802.76
4809,3775.82
4810,5520.75
4811,8989.34
4812,49096.25
4813,5769.65
4814,2755.05
4815,18272.06
4816,7623.96
4817,2759.48
4818,3603.92
4819,3945.27
4820,2886.68
4821,41173.48
4822,60389.63
4823,4981.02
4824,10893.2
4825,8977.99
4826,51797.43
4827,7601.41
4828,5437.38
4829,5835.05
4830,5651.2
4831,7357.93
4832,5842.91
4833,53637.82
4834,5862.85
4835,5862.06
4836,23046.8
4837,54327.81
4838,4790.24
4839,5955.65
4840,64558.79
4841,49299.81
4842,5474.19
4843,51017.03
4844,18029.82
4845,61809.5
4846,5196.89
4847,7739.1
4848,2901.4
4849,44247.4
4850,3147.49
4851,2595.45
4852,6297.46
4853,11598.91
4854,16054.99
4855,4398.29
4856,4928.2
4857,6692.26
4858,5449.37
4859,5311.14
4860,51854.32
4861,7021.16
4862,6781.3
4863,11196.1
4864,46218.02
4865,4368.39
4866,5372.2
4867,3632.42
4868,4779.18
4869,5699.78
4870,6908.26
4871,55727.75
4872,6108.46
4873,10637.28
4874,49346.41
4875,52101.52
4876,5862.96
4877,6205.64
4878,2574.11
4879,45278.04
4880,6419.37
4881,13791.97
4882,49657.37
4883,10616.11
4884,52524.29
4885,60049.6
4886,3452.83
4887,2218.67
4888,8533.45
4889,3972.84
4890,1758.92
4891,56497.28
4892,6277.11
4893,14003.75
4894,8433.61
4895,6111.46
4896,6078.32
4897,13206.88
4898,3391.16
4899,43667.6
4900,5682.5
4901,5907.18
4902,9390.95
4903,7496.1
4904,32934.2
4905,5165.68
4906,66285.0
4907,5146.66
4908,61558.09
4909,2211.82
4910,4595.77
4911,4709.82
4912,6617.27
4913,8142.94
4914,5978.04
4915,57664.61
4916,2536.75
4917,47405.72
4918,51864.44
4919,7720.01
4920,2558.14
4921,73067.84
4922,6771.0
4923,77715.79
4924,6005.31
4925,7335.85
4926,40997.19
4927,13520.37
4928,5676.34
4929,7638.86
4930,53633.63
4931,52183.72
4932,5690.54
4933,4560.75
4934,12574.62
4935,8527.88
4936,5333.13
4937,6712.5
4938,5695.55
4939,43668.15
4940,6489.62
4941,4489.8
4942,5410.4
4943,5336.52
4944,51429.4
4945,54191.04
4946,5892.13
4947,32779.87
4948,6652.14
4949,4569.72
4950,4452.25
4951,38145.66
4952,4534.38
4953,47997.55
4954,3282.47
4955,4478.03
4956,5344.5
4957,4400.78
4958,4630.28
4959,6666.59
4960,4679.19
4961,6279.88
4962,12972.25
4963,5388.88
4964,12236.8
4965,4529.33
4966,56445.5
4967,65196.21
4968,4006.96
4969,2951.25
4970,13245.35
4971,4501.91
4972,4315.12
4973,13105.19
4974,7683.95
4975,8952.39
4976,57948.39
4977,6350.0
4978,3216.44
4979,4798.47
4980,47218.44
4981,4809.58
4982,4047.56
4983,12779.2
4984,3158.36
4985,6021.93
4986,6387.65
4987,3887.62
4988,5993.13
4989,49245.99
4990,27983.52
4991,17666.56
4992,54300.68
4993,7740.51
4994,9390.93
4995,6374.94
4996,59278.78
4997,4520.59
4998,50376.32
4999,48849.75
5000,66361.6
